review,rating
"O produto é ok, nada demais. não se destaca no mercado.",3
"Decepcionante, não atendeu às expectativas.",1
"Não tenho muito o que comentar, cumpre o que promete.",2
"Decepcionante, não funcionou como esperado.",2
"É razoável, não é nada especial.",2
"Gostei muito porque a qualidade é excelente.",5
"Horrível, a qualidade é muito baixa.",2
"Decepcionante, o atendimento foi péssimo.",1
"Não gostei porque a qualidade é muito baixa.",1
"É razoável, é apenas funcional.",3
"Horrível, não funcionou como esperado.",2
"Foi uma experiência incrível porque o atendimento foi excepcional.",4
"Não tenho muito o que comentar, não se destaca no mercado.",2
"Não tenho muito o que comentar, não é nada especial.",2
"Foi uma experiência incrível porque o atendimento foi excepcional.",5
"Tive uma experiência ruim porque o preço é muito alto para o que oferece.",1
"Decepcionante, o atendimento foi péssimo.",2
"Excelente serviço, estou muito satisfeito porque atendeu todas as minhas expectativas.",5
"Excelente serviço, estou muito satisfeito porque o preço é justo.",5
"Decepcionante, a qualidade é muito baixa.",2
"É razoável, cumpre o que promete.",2
"Não surpreendeu, apenas não é nada especial.",3
"Horrível, não atendeu às expectativas.",1
"Funciona, mas não é nada especial.",3
"Horrível, não funcionou como esperado.",1
"Não gostei porque não atendeu às expectativas.",1
"Tive uma experiência ruim porque não funcionou como esperado.",1
"Funciona, mas não é nada especial.",2
"Tive uma experiência ruim porque o atendimento foi péssimo.",1
"Excelente serviço, estou muito satisfeito porque o atendimento foi excepcional.",5
"Horrível, o preço é muito alto para o que oferece.",1
"Foi uma experiência incrível porque a qualidade é excelente.",4
"Não gostei porque a qualidade é muito baixa.",2
"Não surpreendeu, apenas cumpre o que promete.",3
"Não tenho muito o que comentar, não é ruim, mas também não é ótimo.",3
"Excelente serviço, estou muito satisfeito porque a qualidade é excelente.",5
"É razoável, não é ruim, mas também não é ótimo.",2
"Não gostei porque o atendimento foi péssimo.",1
"Decepcionante, o preço é muito alto para o que oferece.",1
"Horrível, o atendimento foi péssimo.",2
"Decepcionante, o preço é muito alto para o que oferece.",2
"Tive uma experiência ruim porque não funcionou como esperado.",2
"Excelente serviço, estou muito satisfeito porque o preço é justo.",4
"Gostei muito porque o preço é justo.",5
"Não gostei porque o preço é muito alto para o que oferece.",2
"Gostei muito porque o atendimento foi excepcional.",4
"Não surpreendeu, apenas não é ruim, mas também não é ótimo.",3
"Tive uma experiência ruim porque a qualidade é muito baixa.",1
"Funciona, mas não é ruim, mas também não é ótimo.",3
"É razoável, não é ruim, mas também não é ótimo.",3
"Não gostei porque não funcionou como esperado.",2
"Recomendo para todos, é realmente superou minhas expectativas.",5
"Gostei muito porque a qualidade é excelente.",4
"Horrível, não atendeu às expectativas.",2
"Gostei muito porque o atendimento foi excepcional.",5
"Não tenho muito o que comentar, não é nada especial.",3
"Foi uma experiência incrível porque superou minhas expectativas.",4
"Excelente serviço, estou muito satisfeito porque superou minhas expectativas.",5
"O produto é ok, é apenas funcional.",3
"Não recomendo, o atendimento foi péssimo.",2
"Decepcionante, não funcionou como esperado.",1
"Horrível, a qualidade é muito baixa.",1
"Não gostei porque o atendimento foi péssimo.",2
"Não recomendo, o preço é muito alto para o que oferece.",1
"Não recomendo, não atendeu às expectativas.",2
"Não surpreendeu, apenas cumpre o que promete.",2
"Não tenho muito o que comentar, é apenas funcional.",2
"Foi uma experiência incrível porque a qualidade é excelente.",5
"Gostei muito porque o preço é justo.",4
"Tive uma experiência ruim porque o preço é muito alto para o que oferece.",2
"A qualidade é excelente, recomendo muito.",4
"Atendimento rápido, muito feliz com a compra.",4
"Produto fantástico, superou todas as minhas expectativas!",5
"A entrega foi rápida, mas o produto deixou a desejar.",2
"Qualidade excelente, recomendo a todos.",5
"Não vale o preço pago, fiquei bastante insatisfeito.",1
"Adorei o design e a funcionalidade, muito prático.",5
"O atendimento foi terrível, nunca mais compro dessa loja.",1
"Atendeu às necessidades básicas, mas nada excepcional.",3
"Um pouco caro, mas o desempenho compensa.",3
"Recebi um produto danificado, péssima experiência.",1
"Recomendo sem dúvidas, produto e serviço impecáveis.",5
"Não funciona como esperado, uma decepção total.",1
"Gostei bastante, mas poderia ter mais funcionalidades.",4
"Simplesmente maravilhoso, perfeito para o meu dia a dia.",5
"O suporte foi rápido e eficiente, gostei muito.",4
"Baixa qualidade, não recomendo para ninguém.",1
"Demorou muito para chegar e veio com defeito.",2
"Muito bom, comprarei novamente!",3
"Não atendeu às minhas expectativas de forma alguma.",1
"Produto chegou rápido e bem embalado.",5
"Produto de baixa qualidade, muito decepcionado.",2
"Produto chegou rápido e bem embalado.",4
"Produto de baixa qualidade, muito decepcionado.",1
"Péssima experiência, não recomendo.",1
"Péssima experiência, não recomendo.",2
"Muito bom, comprarei novamente!",4
"Demorou muito para chegar e veio com defeito.",1
"Excelente produto, superou minhas expectativas.",3
"Produto chegou rápido e bem embalado.",3
"Recomendo sem dúvidas, qualidade incrível!",4
"Atendimento ruim, não voltarei a comprar.",1
"Recomendo sem dúvidas, qualidade incrível!",5
"Serviço impecável, estou muito satisfeito.",5
"Excelente produto, superou minhas expectativas.",5
"Atendimento ruim, não voltarei a comprar.",2
"Muito bom, comprarei novamente!",5
"Recomendo sem dúvidas, qualidade incrível!",3
"Serviço impecável, estou muito satisfeito.",3
"Não atendeu às minhas expectativas de forma alguma.",2
"Excelente produto, superou minhas expectativas.",4
"Serviço impecável, estou muito satisfeito.",4
"Produto rápido, adorei!",5
"Atendimento excelente, muito feliz com a compra.",4
"Atendimento incrível, muito feliz com a compra.",4
"Produto eficiente, adorei!",4
"Foi uma experiência incrível, uma das melhores compras.",5
"A qualidade é incrível, recomendo muito.",5
"Atendimento perfeito, muito feliz com a compra.",5
"Produto ótimo, adorei!",4
"Produto perfeito, adorei!",5
"Atendimento rápido, muito feliz com a compra.",5
"Atendimento eficiente, muito feliz com a compra.",4
"Foi uma experiência eficiente, uma das melhores compras.",4
"Atendimento bom, muito feliz com a compra.",5
"Produto excelente, adorei!",5
"Produto perfeito, adorei!",4
"Produto incrível, adorei!",5
"A qualidade é incrível, recomendo muito.",4
"Foi uma experiência excelente, uma das melhores compras.",4
"Entrega excelente, superou minhas expectativas.",4
"Atendimento excelente, muito feliz com a compra.",5
"Produto incrível, adorei!",4
"A qualidade é excelente, recomendo muito.",5
"Atendimento ótimo, muito feliz com a compra.",5
"Foi uma experiência boa, uma das melhores compras.",5
"Atendimento bom, muito feliz com a compra.",4
"Atendimento ótimo, muito feliz com a compra.",4
"Entrega bem rápida, superou minhas expectativas.",5
"A qualidade é ótima, recomendo muito.",4
"Produto bom e chegou rápido, adorei!",4
"Produto bom, amei!",5
"Produto bom, adorei!",4
"Foi uma experiência ótima, uma das melhores compras.",5
"Produto excelente, adorei!",4
"Experiência decepcionante, totalmente frustrante.",1
"Produto não funciona, me arrependi muito.",1
"Entrega horrível, nunca mais compro dessa loja.",2
"Produto ruim, me arrependi muito.",1
"Serviço péssimo, uma escolha terrível.",2
"Atendimento decepcionante, não recomendo de jeito nenhum.",2
"Atendimento não funciona, não recomendo de jeito nenhum.",2
"Produto caro, me arrependi muito.",2
"Produto não funciona, me arrependi muito.",2
"Serviço decepcionante, uma escolha terrível.",1
"Serviço demorado, uma escolha terrível.",2
"Produto danificado, me arrependi muito.",1
"Atendimento demorado, não recomendo de jeito nenhum.",1
"Atendimento decepcionante, não recomendo de jeito nenhum.",1
"Atendimento péssimo, não recomendo de jeito nenhum.",2
"Experiência ruim, totalmente frustrante.",2
"Experiência horrível, totalmente frustrante.",2
"Atendimento demorado, não recomendo de jeito nenhum.",2
"Produto decepcionante, me arrependi muito.",1
"Produto danificado, me arrependi muito.",2
"Atendimento horrível, não recomendo de jeito nenhum.",1
"Entrega péssima, nunca mais compro dessa loja.",1
"Serviço decepcionante, uma escolha terrível.",2
"Atendimento ruim, não recomendo de jeito nenhum.",1
"Entrega cara, nunca mais compro dessa loja.",1
"Produto péssimo, me arrependi muito.",2
"Produto ruim demais, me arrependi muito.",2
"Experiência horrível, totalmente frustrante.",1
"Produto não funciona, totalmente frustrante.",1
"Produto danificado, uma escolha terrível.",2
"Produto péssimo, me arrependi muito.",1
"Produto horrível, me arrependi muito.",1
"Produto decepcionante, me arrependi muito.",2
"Produto muito caro e ruim, totalmente frustrante.",2
"Serviço péssimo, uma escolha terrível.",1
"Atendimento péssimo, não recomendo de jeito nenhum.",1
"Entrega ruim, nunca mais compro dessa loja.",2
"Experiência decepcionante, totalmente frustrante.",2
"Entrega demorada, nunca mais compro dessa loja.",1
"Serviço caro, uma escolha terrível.",1
"Atendimento horrível, não recomendo de jeito nenhum.",2
"Produto ruim, me arrependi muito.",2
"Entrega decepcionante, nunca mais compro dessa loja.",2
"Experiência péssimo, totalmente frustrante.",1
"Experiência ruim, totalmente frustrante.",1
"Entrega horrível, nunca mais compro dessa loja.",1
"Produto de ótima qualidade, superou minhas expectativas!",5
"O serviço ao cliente foi muito eficiente e amigável.",5
"Chegou com atraso, mas o produto está bom.",3
"Não atende às necessidades, esperava mais.",2
"Excelente relação custo-benefício.",5
"A embalagem estava danificada, mas o conteúdo está intacto.",3
"Produto funciona bem, mas o design poderia ser melhor.",3
"Serviço rápido e confiável, recomendo.",5
"O preço é alto para a qualidade oferecida.",2
"Estou muito satisfeito com a minha compra.",5
"A interface do aplicativo é intuitiva e fácil de usar.",4
"Tive problemas com a configuração inicial, mas o suporte resolveu rapidamente.",4
"O produto não corresponde à descrição no site.",1
"Entrega superou minhas expectativas, chegou antes do previsto.",5
"A durabilidade do produto é excelente, recomendo para quem busca qualidade.",5
"Fiquei decepcionado com a falta de funcionalidades anunciadas.",2
"O atendimento foi cordial e solucionou todas as minhas dúvidas.",5
"Produto possui um ótimo acabamento, muito bem feito.",5
"A bateria não dura o suficiente para o uso diário.",2
"Excelente suporte técnico, sempre disponível para ajudar.",5
"O produto é bom, mas poderia oferecer mais opções de cores.",3
"Recebi um item diferente do que pedi, mas o atendimento resolveu o problema rapidamente.",4
"A qualidade do material é superior, muito satisfeito.",5
"Senti falta de algumas funcionalidades avançadas que mencionei na descrição.",3
"O produto atende bem às expectativas, funcionando conforme o prometido.",4
"Infelizmente, o produto parou de funcionar após uma semana de uso.",1
"A experiência de compra foi tranquila e sem complicações.",5
"Gostaria que houvesse mais informações técnicas disponíveis no site.",3
"O produto oferece um desempenho excelente pelo preço pago.",5
"Pensei que seria bom, mas a qualidade está muito abaixo do esperado.",1
"Comparado a outros produtos do mesmo valor, compensa.",3
"Pensei que fosse melhor!",2
"Dinheiro jogado fora!",1
"Me impressionei com a qualidade! Gostei!",5
"Mais ou menos. Dá pro gasto!",3
"Poderia ser melhor, mas pelo preço tá bom.",3
"Pior compra do ano!",1
"Não esperava muito, mas até que quebrou o galho!",3
"Fantástico! Funcionou perfeitamente!",5
"Veio com defeito. Tive que devolver!",1
"Superou minhas expectativas!",4
"Tão bom que comprei 2!",5
"Bem ruim, viu! Não recomendo pra ninguém!",1
"Podia ser melhor, mas tá ok!",3
"Comprei apenas porque tava barato, mas me surpreendi positivamente!",4
"Achei um pouco caro, mas funciona conforme o esperado!",3
"Nunca mais compro nada dessa marca!",1
"Lixo! Veio com defeito e não devolveram meu dinheiro!",1
"Perfeito! Chegou rápido e já estou usando!",4
"Porcaria nem funciona direito!",1
"Eu sempre comprei dessa marca, mas pela primeira vez me decepcionei! Horrível!",1
"Qualidade ruim, preço alto. Não compre!",1
"Muito melhor do que eu esperava!",5
"Pior impossível! Só arrependimento!",1
"Dinheiro jogado fora!",1
"Sem comentários...O produto é horrível!",1
"Nem consegui usar. Veio quebrado!",1
"Maravilhoso e barato!",5
"Tanta propaganda pra nada! Decepcionada!",1
"Pelo valor, até que é bom, mas nada demais.",3
"Poderiam ter caprichado mais na qualidade, mas tava barato, então tudo bem!",2
"Muito feliz com a compra! Já comprei de outras marcas, mas essa é bem melhor!",5
"Leve e resistente! Gostei bastante!",4
"A caixa veio amassada, mas o produto funciona bem!",3
"Eu confiava muito nessa marca, agora não compro nunca mais!",1
"Valeu cada centavo! Espero que dure bastante tempo!",4
"Funciona bem, mas um pouco frágil.",2
"Super recomendo! Bonito e faz o que promete!",4
"Última vez que compro essa marca. Péssimo!",5
"Quero meu dinheiro de volta!",1
"Me senti enganada! Não faz o que promete!",1
"Vocês deviam ter vergonha de vender uma porcaria dessa!",1
"Já estou usando há 2 meses e sem problema algum!",4
"Pior compra que já fiz na vida!",1
"Odiei! Qualidade vagabunda!",1
"No site parecia uma coisa, quando chega na sua casa você vê que não presta!",1
"Usei 2 dias e quebrou!",1
"Como vocês tem a cara de pau de vender um produto assim?",1
"Vi gente reclamando, mas pra ser sincero, eu gostei bastante!",5
"Veio com defeito. Tentei trocar, mas me disseram que não era possível! Ainda bem que foi barato!",1
"Há tempos que eu queria um produto assim. Bom, bonito e barato!",4
"Comprei pro meu filho! Ele adorou!",5
"Produto nem chegou. Pedi meu dinheiro de volta!",1
"Demorou 20 dias pra chegar, e quando abri a caixa, estava quebrado!",1
"Veio sem o manual de instruções!",2
"A cor veio diferente do que eu comprei no site, mas fora isso tudo bem!",3
"Demorou pra chegar, mas é execelente!",4
"Entre os outros de mesmo valor, é o melhor!",4
"Se você quer jogar dinheiro fora, pode comprar!",1
"Não serve nem pra jogar no lixo. Melhor incinerar!",1
"É golpe! Enviam o produto com defeito e depois dizem que não vão devolver o dinheiro!",1
"Melhor que já comprei até hoje e muito barato! Recomendo!",5
"Se você tiver dinheiro para comprar algo melhor, compre, porque esse é um lixo!",1
"A cor veio diferente da que eu pedi. Quero ressarcimento!",1
"Pro meu gosto, está excelente, principalmente pelo preço que paguei!",4
"Compraria novamente!",4
"Achei um pouco frágil mas até que funciona bem!",3
"Demora pra carregar e a tela fica preta depois de usar muito tempo!",1
"Perfeito! Minha filha adorou!",5
"Melhor telefone que já tive!",5
"Bateria esquenta muito! Não recomendo dar para criança usar!",2
"Tela colorida e brilhante. Comprei pra ver vídeos e é excelente!",5
"Meu telefone foi roubado e comprei esse temporariamente, mas gostei tanto que vou continuar usando!",5
"Me surpreendi com a qualidade de vídeo e aúdio!",4
"Não conectou com wi-fi! Devolvi!",1
"Em geral é muito bom, mas tem pouco espaço de armazenamento.",3
"Até que achei bom, para o preço que paguei!",3
"Poderia ser melhor, mas como não foi caro, não tenho do que reclamar.",3
"Esperava bem mais desse telefone.",1
"Que tristeza. Não faz ligação direito e nem conecta ao wi-fi!",1
"Poderia ter uma tela maior e vir com fone de ouvidos!",2
"Preço bom e qualidade boa no geral!",4
"Eu tinha um modelo anterior e comprei esse. Pensava que seria bom, mas é horrível!",1
"Não funcionou com meu chip! Tive que devolver!",1
"Ótimo pra jogar e escutar música!",5
"Sem dúvida o melhor que você vai encontrar nessa faixa de preço!",4
"Com uma semana parou de carregar!",1
"Caiu no chão e quebrou no primeiro dia! Muito frágil!",1
"Deu defeito depois de 3 meses. Levei na assistência e é mais barato comprar um novo do que consertar!",1
"Melhor telefone que já tive! Muito feliz com a aquisição!",5
"Muito mais ou menos. Pensava que seria bem melhor!",2
"Com mais R$ 200 você compra um telefone bem melhor que esse!",1
"Eu sabia que não era top de linha, mas pensava que a qualidade seria melhor!",1
"Usei por 6 meses sem problema, até que parou de funcionar do nada. E não estava na garantia!",1
"Se eu soubesse que era vagabundo assim, nem tinha comprado!",1
"Entre os concorrentes, é o melhor!",5
"Uso pra jogar e estudar! Atende muito bem!",5
"Queria que a bateria durasse mais tempo!",2
"A tela apaga quando a bateria está descarregando.",2
"A tela veio com um pixel preto!",1
"O telefone até que é bonito, mas caro demais.",2
"Uso pra responder email e whatsapp e até agora funcionou perfeitamente!",5
"Compre quando abaixaram o preço e não me arrependi!",4
"Veio a cor errada, mas tudo bem. Até que o telefone é bom!",4
"Enviaram para o endereço errado, mas depois de alguns dias chegou! Por enquanto estou gostando!",3
"Não pega os aplicativos mais novos e os jogos mais tops ficam lentos pra jogar!",1
"Dei de presente para o meu pai e ele adorou!",4
"Poderia ter mais espaço de armazenamento!",2
"Nunca me decepcionei tanto com um produto.",1
"Nota zero!",1
"Design bem moderno e leve também! Fácil de usar!",4
"Comparado aos telefones que tem por aí, até que esse é bonzinho, mas sem grandes diferenciais.",3
"Se você quer um telefone bom e barato, esse é um dos melhores!",4
"Tão ruim que nunca usei. Liguei uma vez só e depois guardei na caixa.",1
"Nunca chegou na minha casa! Esperando até hoje!",1
"Entrega dentro do prazo e produto em ótimo estado.",5  
"Não funcionou como anunciado, fiquei frustrado.",1  
"Cumpre o que promete, mas nada além disso.",3  
"Produto excelente, recomendo a todos os amigos.",5  
"Problemas com a conexão, mas o suporte foi atencioso.",4  
"O design é bonito, mas a funcionalidade deixa a desejar.",2  
"Perfeito para o dia a dia, estou muito satisfeito.",5  
"A embalagem veio danificada, mas o produto estava intacto.",3  
"Um pouco caro, mas a qualidade justifica.",4  
"Produto básico, atende para usos simples.",3
"Produto veio com manual em outro idioma, difícil de entender.",2  
"A qualidade surpreendeu, valeu cada centavo.",5  
"O produto tem um bom custo-benefício, mas poderia ter mais funcionalidades.",3
"Decepcionante, não veio com todos os acessórios prometidos.",1  
"Fácil de usar e super prático para o dia a dia.",5  
"Não recomendo, produto apresentou defeito após um mês de uso.",2  
"A entrega foi rápida, mas o produto não correspondeu às expectativas.",3  
"Material resistente e durável, superou minhas expectativas.",5  
"Funciona bem, mas o desempenho é mediano.",3  
"Ótimo produto, mas o atendimento ao cliente foi péssimo.",3
"Chegou antes do prazo e já estou usando, muito satisfeito.",5  
"O produto é funcional, mas falta capricho no acabamento.",3  
"Gostei muito, atende exatamente às minhas necessidades.",5  
"A entrega atrasou e o produto veio com arranhões.",2  
"Produto prático e fácil de configurar, adorei!",5  
"O preço é alto para o que oferece, esperava mais.",2  
"O manual é confuso, mas o suporte me ajudou rapidamente.",4  
"A cor veio errada, mas o produto em si é bom.",3  
"Excelente qualidade e design moderno, recomendo!",5  
"Funciona bem, mas poderia ser mais intuitivo.",3  
"Produto básico, mas quebra um bom galho.",4  
"Material de baixa qualidade, fiquei desapontado.",1  
"Entrega rápida e bem embalado, gostei muito.",5  
"O atendimento foi ótimo, mas o produto não é o melhor.",3  
"Demorou para chegar, mas estou satisfeito com a compra.",4  
"Produto superou minhas expectativas, qualidade incrível.",5  
"Tive problemas técnicos, mas resolveram rápido.",4  
"O design é bonito, mas o desempenho deixa a desejar.",2  
"Ótimo custo-benefício, valeu muito a pena.",5  
"Recebi um modelo diferente do que comprei, mas gostei mesmo assim.",4  
"Chegou antes do prazo e já estou usando, muito satisfeito.",5  
"O produto é funcional, mas falta capricho no acabamento.",3  
"Gostei muito, atende exatamente às minhas necessidades.",5  
"A entrega atrasou e o produto veio com arranhões.",2  
"Produto prático e fácil de configurar, adorei!",5  
"O preço é alto para o que oferece, esperava mais.",2  
"O manual é confuso, mas o suporte me ajudou rapidamente.",4  
"A cor veio errada, mas o produto em si é bom.",3  
"Excelente qualidade e design moderno, recomendo!",5  
"Funciona bem, mas poderia ser mais intuitivo.",3  
"Produto básico, mas quebra um bom galho.",4  
"Material de baixa qualidade, fiquei desapontado.",1  
"Entrega rápida e bem embalado, gostei muito.",5  
"O atendimento foi ótimo, mas o produto não é o melhor.",3  
"Demorou para chegar, mas estou satisfeito com a compra.",4  
"Produto superou minhas expectativas, qualidade incrível.",5  
"Tive problemas técnicos, mas resolveram rápido.",4  
"O design é bonito, mas o desempenho deixa a desejar.",2  
"Ótimo custo-benefício, valeu muito a pena.",5  
"Recebi um modelo diferente do que comprei, mas gostei mesmo assim.",4  
"Produto veio bem embalado, mas não funcionou como esperado.",2  
"Ótima experiência de compra, superou todas as expectativas.",5  
"O desempenho é bom, mas o preço poderia ser mais acessível.",3  
"Recebi no prazo e estou muito satisfeito com a qualidade.",5  
"Produto funciona bem, mas esquenta muito durante o uso.",3  
"A qualidade é incrível, mas o manual poderia ser mais claro.",4  
"Não recomendo, o produto apresentou defeito logo no primeiro uso.",1  
"Entrega rápida e eficiente, fiquei feliz com a compra.",5  
"O material é frágil, mas pelo preço, está dentro do esperado.",3  
"Recebi um produto com avarias, mas o atendimento resolveu rápido.",4  
"Excelente opção para quem busca qualidade com preço justo.",5  
"O desempenho do produto é mediano, esperava mais.",3  
"Produto bonito, mas não é muito prático para o dia a dia.",2  
"Chegou dentro do prazo e já está sendo muito útil.",5  
"Não gostei, veio com peças faltando e sem manual.",1  
"Cumpre o que promete, mas não se destaca.",3  
"O preço é alto, mas a durabilidade compensa.",4  
"O produto veio com um cheiro forte, mas funcionou bem.",2  
"Gostei da funcionalidade, mas a bateria poderia durar mais.",3  
"Atendeu às minhas expectativas, recomendo para todos.",5  
"Um pouco pesado para carregar, mas no geral é bom.",3  
"Produto incrível, superou o que eu esperava.",5  
"Tive dificuldades na configuração, mas depois funcionou bem.",4  
"Bom custo-benefício, atende o básico.",3  
"Produto chegou danificado, experiência frustrante.",1  
"A qualidade é razoável, mas o design poderia ser melhor.",2  
"Produto compacto e eficiente, gostei muito.",5  
"A embalagem estava mal lacrada, mas o produto veio intacto.",3  
"Ótima durabilidade, já uso há meses e continua perfeito.",5  
"Entrega muito rápida, mas o produto não é intuitivo.",3
"Produto funciona, mas o design não é atrativo.",3  
"Super recomendo, a qualidade é impecável.",5  
"Demorou mais do que o previsto para chegar, mas valeu a espera.",4  
"Não atende às expectativas, muito aquém do prometido.",1  
"O manual é difícil de entender, mas o suporte técnico foi excelente.",4  
"Entrega antes do prazo, e o produto é muito bom.",5  
"O produto é básico, não recomendo para quem busca algo avançado.",2  
"Material de excelente qualidade, estou muito satisfeito.",5  
"O preço é alto, mas o desempenho é satisfatório.",4  
"Não gostei, o produto veio com defeito de fabricação.",1  
"Produto bonito e funcional, ideal para o dia a dia.",5  
"Cumpre o que promete, mas o acabamento é fraco.",3  
"Bom produto, mas senti falta de algumas funcionalidades.",3  
"A entrega atrasou e o atendimento foi difícil de contatar.",2  
"O produto é muito bom, mas o preço está um pouco salgado.",4  
"Design moderno e fácil de usar, recomendo a compra.",5  
"Produto chegou rápido, mas não funciona como deveria.",2  
"Material frágil, não recomendo para usos intensos.",2  
"Experiência excelente, tanto na entrega quanto no uso do produto.",5  
"Recebi um produto diferente do anunciado, fiquei insatisfeito.",1  
"Funciona perfeitamente, superou minhas expectativas.",5  
"O desempenho é aceitável, mas não vale o preço.",3  
"Produto eficiente, mas a embalagem veio danificada.",4  
"Perfeito para o que eu precisava, adorei.",5  
"A qualidade é boa, mas o design poderia ser mais bonito.",3  
"Recebi no prazo, e a qualidade é excelente.",5  
"Demorou para chegar e não veio como o anunciado.",1  
"Ótimo custo-benefício, recomendo sem dúvidas.",5  
"Produto bom, mas o atendimento foi horrível.",3  
"Veio com peças faltando, não recomendo.",1  
"Achei o material de boa qualidade, valeu o investimento.",4  
"Entrega foi rápida, mas o produto é mediano.",3  
"Produto atendeu minhas expectativas, gostei muito.",5  
"Preço justo para a qualidade oferecida, recomendo.",4  
"Experiência de compra tranquila, produto muito bom.",5  
"Recebi no prazo, mas a embalagem estava rasgada.",3  
"Produto atende bem, mas não impressiona.",3  
"Fiquei decepcionado com a durabilidade, quebrou rápido.",1  
"Design lindo e funcional, estou muito feliz com a compra.",5  
"O produto é eficiente, mas a configuração inicial foi complicada.",4  
"Recebi com atraso, mas o produto é excelente.",5  
"O desempenho é fraco, não vale o preço pago.",2  
"A qualidade é excelente, mas o atendimento deixou a desejar.",4  
"Bom para uso básico, mas não recomendo para tarefas pesadas.",3  
"Entrega rápida, mas a embalagem veio com avarias.",2  
"Não funcionou como anunciado, experiência frustrante.",1  
"Design moderno, qualidade incrível, super recomendo.",5  
"Produto razoável, mas o suporte técnico foi muito útil.",3  
"Gostei da experiência de compra, produto superou minhas expectativas.",5
"O produto veio rápido e funcionou perfeitamente.",5  
"O material é bom, mas esperava um design melhor.",3  
"Preço acessível para um produto que entrega o que promete.",4  
"Chegou danificado, tive que devolver.",1  
"Produto eficiente, mas poderia ser mais robusto.",3  
"Cumpre o que promete, mas não é inovador.",3  
"A embalagem estava em péssimas condições, mas o produto é bom.",3  
"Recebi antes do prazo, muito satisfeito com a compra.",5  
"Não recomendo, o produto parou de funcionar em poucos dias.",1  
"Fácil de usar, muito prático para o meu dia a dia.",5  
"O preço é alto para o que oferece, mas funciona bem.",4  
"Entrega rápida, mas a qualidade do produto decepcionou.",2  
"Gostei muito, já recomendei para meus amigos.",5  
"Produto básico, atende às necessidades mais simples.",3  
"O atendimento foi ótimo, mas o produto não me impressionou.",3  
"Recebi o modelo errado, mas o atendimento resolveu o problema rapidamente.",4  
"O material parece resistente, mas ainda estou testando.",4  
"Entrega rápida e produto de excelente qualidade.",5  
"Não gostei, o desempenho ficou abaixo do esperado.",2  
"Produto compacto e leve, perfeito para levar na bolsa.",5  
"Demorou para chegar, mas funciona bem.",4  
"O manual de instruções é confuso, tive que procurar ajuda online.",3  
"Não correspondeu às expectativas, me arrependi da compra.",1  
"Produto durável e com ótimo desempenho, recomendo.",5  
"A configuração inicial foi complicada, mas depois ficou fácil de usar.",4  
"Fiquei decepcionado com a fragilidade do produto.",2  
"Produto incrível, superou todas as minhas expectativas.",5  
"Recebi com peças faltando, mas o suporte foi atencioso.",3  
"Cumpre o que promete, mas poderia ser mais barato.",4  
"O design é bonito, mas o produto não é muito funcional.",2  
"Ótimo para uso doméstico, estou muito satisfeito.",5  
"O material é fraco, não recomendo para quem precisa de algo resistente.",2  
"Entrega muito rápida e produto funcionando perfeitamente.",5  
"Veio com arranhões, mas nada que comprometa o uso.",3  
"Preço bom para o que oferece, achei justo.",4  
"Não funciona como deveria, fiquei muito frustrado.",1  
"Excelente custo-benefício, melhor compra que já fiz.",5  
"Funciona bem, mas não é nada excepcional.",3  
"O produto é bom, mas a embalagem veio maltratada.",3  
"Fácil de montar e usar, gostei muito.",5  
"O suporte foi rápido e resolveu meu problema.",4  
"Produto caro e sem qualidade, não recomendo.",1  
"Recebi antes do prazo e já estou usando, adorei.",5  
"A durabilidade deixa a desejar, esperava mais.",2  
"Gostei muito, vou comprar outro para presentear um amigo.",5  
"O preço é alto, mas a qualidade compensa.",4  
"O produto veio diferente do anunciado, fiquei desapontado.",1  
"Entrega rápida e embalagem impecável, produto ótimo.",5  
"O material é de excelente qualidade, recomendo.",5  
"Não recomendo, o produto apresentou defeitos logo no início.",1  
"Design bonito, mas não é muito prático.",3  
"O desempenho é ótimo, uso todos os dias.",5  
"Produto mediano, atende o básico.",3  
"Cumpre o que promete, mas nada além disso.",4  
"O atendimento foi ruim, mas o produto é bom.",3  
"Chegou com atraso, mas o produto é excelente.",5  
"O suporte foi ineficiente, experiência frustrante.",2  
"Material resistente, perfeito para o que eu precisava.",5  
"Produto simples, mas eficiente.",4  
"Recebi com um detalhe na pintura, mas não afeta o uso.",3  
"Fácil de configurar, funciona perfeitamente.",5  
"Não recomendo, o produto parou de funcionar em menos de um mês.",1  
"Material de alta qualidade, estou impressionado.",5  
"O produto atende bem às minhas necessidades, sem surpresas.",4  
"Não funciona direito, vou pedir reembolso.",1  
"Produto excelente, já comprei mais de um.",5  
"A embalagem veio danificada, mas o produto está em perfeitas condições.",4  
"Não vale o preço, me decepcionei com a compra.",2  
"Produto robusto e bem construído, estou satisfeito.",5  
"Veio com defeito, mas consegui resolver com o suporte.",3  
"Preço acessível e qualidade acima da média.",5  
"Não tenho reclamações, o produto é ótimo.",5  
"Chegou rápido e em perfeito estado, muito bom.",5  
"O manual é confuso, mas o produto é intuitivo.",4  
"Produto eficiente, mas poderia ter mais recursos.",3  
"Entrega atrasada, mas o produto é de qualidade.",4  
"Design moderno e funcional, gostei muito.",5  
"Não atendeu às minhas expectativas, esperava mais.",2  
"O produto é excelente, mas o preço poderia ser mais competitivo.",4  
"Material resistente, ótimo para o uso diário.",5  
"Produto bonito e eficiente, recomendo para todos.",5  
"Recebi um produto com defeito, experiência frustrante.",1  
"Entrega dentro do prazo e produto bem embalado.",5  
"O suporte foi lento, mas resolveu meu problema.",3  
"Produto de ótima qualidade, já uso há meses sem problemas.",5  
"O desempenho é bom, mas poderia ser mais silencioso.",4  
"O produto veio com cheiro forte, mas passou após alguns dias.",3  
"A embalagem estava amassada, mas o produto funciona bem.",3  
"Produto prático e versátil, ideal para várias situações.",5  
"Recebi um modelo antigo, não recomendo.",1  
"O custo-benefício é excelente, recomendo sem dúvidas.",5  
"Não recomendo, qualidade muito abaixo do esperado.",1  
"O produto cumpre o que promete, mas não impressiona.",3  
"Material frágil, quebrou em poucos dias.",2  
"Produto inovador, superou minhas expectativas.",5  
"O preço é justo para a qualidade oferecida.",4
"O produto é funcional, mas senti falta de acessórios adicionais.",3  
"Gostei do design, é elegante e discreto.",4  
"O produto não chegou como descrito no site, fiquei decepcionado.",1  
"Excelente custo-benefício, estou muito satisfeito.",5  
"Material parece de boa qualidade, mas ainda vou testar mais.",4  
"Produto básico, mas cumpre o que promete.",3  
"O atendimento foi ótimo e me ajudaram na configuração.",5  
"Não gostei, o produto quebrou com menos de uma semana.",1  
"Achei o desempenho mediano, poderia ser melhor.",3  
"Entrega rápida e atendimento atencioso, gostei bastante.",5  
"Não atende às minhas expectativas, esperava mais robustez.",2  
"O produto superou minhas expectativas, recomendo muito.",5  
"Achei caro pelo que oferece, mas funciona bem.",3  
"O design é muito bonito, combina com a decoração da minha casa.",4  
"Não recomendo, a qualidade deixou muito a desejar.",1  
"O produto é excelente, uso todos os dias.",5  
"Veio com peças faltando, mas resolveram rapidamente.",3  
"Demorou para chegar, mas valeu a pena.",4  
"O material é frágil, mas pelo preço não esperava muito.",3  
"Produto muito útil e fácil de usar, gostei bastante.",5  
"Não funcionou como prometido, me arrependi da compra.",1  
"Recebi dentro do prazo e o produto é incrível.",5  
"Fiquei insatisfeito com a durabilidade, quebrou rápido.",2  
"Ótimo custo-benefício, recomendo para todos.",5  
"O manual é difícil de entender, mas consegui configurar sozinho.",4  
"Veio com um arranhão, mas nada que prejudique o uso.",3  
"Entrega rápida, mas o produto não é tão bom quanto esperava.",2  
"O design é incrível, e o desempenho também é ótimo.",5  
"Funciona bem, mas não justifica o preço alto.",3  
"Produto prático, ideal para quem busca simplicidade.",4  
"O atendimento foi péssimo, nunca mais compro nessa loja.",1  
"Material resistente, uso todos os dias sem problemas.",5  
"Chegou rápido e bem embalado, estou muito satisfeito.",5  
"O produto é razoável, mas o suporte foi excelente.",4  
"A configuração foi um pouco complicada, mas depois funcionou bem.",4  
"Produto caro para o que oferece, não compraria novamente.",2  
"Gostei bastante, especialmente pela qualidade do material.",5  
"Não recomendo, o produto veio com defeitos e o suporte não ajudou.",1  
"Produto compacto e funcional, perfeito para o meu uso.",5  
"Recebi um modelo diferente do que pedi, mas gostei.",4  
"O desempenho é bom, mas poderia ser mais intuitivo.",3  
"A embalagem veio amassada, mas o produto funciona bem.",3  
"Produto eficiente e bem construído, recomendo.",5  
"Não vale o preço, esperava algo melhor.",2  
"Cumpre o que promete, mas nada além disso.",3  
"Design inovador, adorei o visual e a funcionalidade.",5  
"O material parece resistente, mas vou acompanhar o uso.",4  
"Recebi antes do prazo, muito feliz com a compra.",5  
"O atendimento foi horrível, não resolveram meu problema.",1  
"Funciona perfeitamente, muito satisfeito com o desempenho.",5  
"Produto mediano, achei o preço um pouco alto.",3  
"Entrega atrasada, mas o produto é excelente.",5  
"Não recomendo, o produto não funciona como prometido.",1  
"O custo-benefício é bom, mas há opções melhores no mercado.",3  
"Recebi dentro do prazo e o produto atendeu às expectativas.",4  
"O suporte técnico foi ótimo, resolveram meu problema rapidamente.",5  
"Não funcionou com meu equipamento, tive que devolver.",1  
"O material é muito frágil, esperava mais.",2  
"Fácil de configurar, comecei a usar assim que chegou.",5  
"Produto atende bem ao uso básico, mas não impressiona.",3  
"O manual é confuso, mas o suporte foi eficiente.",4  
"Gostei muito, vou comprar novamente no futuro.",5  
"Chegou com defeito, uma experiência frustrante.",1  
"Produto bonito e eficiente, recomendo para todos.",5  
"Não gostei, achei a qualidade muito baixa.",1  
"Material de alta qualidade, me surpreendeu positivamente.",5  
"O preço é justo pela qualidade oferecida, recomendo.",4  
"Entrega rápida e atendimento excelente, adorei.",5  
"O produto veio mal embalado, mas está funcionando bem.",3  
"Não correspondeu às minhas expectativas, esperava mais.",2  
"Produto compacto, perfeito para viagens.",5  
"O desempenho é aceitável, mas nada de excepcional.",3  
"Gostei do design, mas esperava mais funcionalidades.",3  
"Chegou com atraso, mas o produto é muito bom.",4  
"Produto robusto, ideal para uso diário.",5  
"Não recomendo, parou de funcionar após um mês.",1  
"O material parece durável, vou continuar testando.",4  
"Produto básico, atende para o que foi feito.",3  
"Fiquei impressionado com a eficiência, muito bom.",5  
"O produto não é o que eu esperava, fiquei decepcionado.",2  
"Entrega no prazo e produto de ótima qualidade.",5  
"O preço é alto para o que entrega, não vale a pena.",2  
"Cumpre o que promete, mas esperava algo mais sofisticado.",3  
"Produto muito bom, especialmente para quem busca praticidade.",5  
"O design é bonito, mas o desempenho é mediano.",3  
"Chegou danificado, mas consegui trocar sem problemas.",4  
"Produto funcional, mas poderia ter mais recursos.",3  
"Adorei o produto, é exatamente o que eu precisava.",5  
"O atendimento foi bom, mas o produto não é tão eficiente.",3  
"Entrega super rápida, muito satisfeito com a compra.",5  
"Não gostei, veio com defeitos e não resolveram meu problema.",1  
"Produto barato e funcional, perfeito para uso básico.",4  
"O material é de baixa qualidade, me decepcionou.",2  
"Fácil de usar e bastante eficiente, gostei muito.",5  
"Recebi antes do prazo e o produto é excelente.",5  
"O preço é alto, mas a qualidade compensa.",4  
"O desempenho é razoável, nada fora do comum.",3  
"Produto prático e leve, ideal para transporte.",5  
"Fiquei desapontado com a fragilidade do produto.",2  
"Cumpre o que promete, mas não surpreende.",3  
"O atendimento foi ótimo e resolveram meu problema rapidamente.",5  
"Material resistente, perfeito para uso intenso.",5  
"O produto é bom, mas o manual é confuso.",3  
"Recebi com atraso, mas o produto vale a pena.",4  
"O suporte técnico foi excelente, recomendo.",5  
"Produto inovador, adorei a funcionalidade.",5  
"Não recomendo, a qualidade deixou muito a desejar.",1  
"Recebi dentro do prazo e estou satisfeito com a compra.",5  
"O design é bonito, mas esperava mais desempenho.",3  
"Produto eficiente, perfeito para o dia a dia.",5  
"Veio com um defeito, mas o suporte foi rápido em resolver.",4  
"Entrega rápida e produto incrível, recomendo.",5  
"O custo-benefício é bom, mas não é o melhor do mercado.",3  
"Produto funciona bem, mas o design não é muito atrativo.",3  
"Chegou bem embalado e antes do prazo, muito feliz.",5  
"Não gostei, achei que o desempenho seria melhor.",2  
"O material é bom, mas a montagem foi complicada.",3  
"Produto barato e eficiente, ótimo para quem busca simplicidade.",4  
"Gostei bastante, mas senti falta de algumas funcionalidades.",4  
"O atendimento foi horrível, experiência frustrante.",1  
"Produto incrível, superou todas as expectativas.",5  
"Recebi com atraso, mas valeu a pena pela qualidade.",4  
"O manual é claro e o produto fácil de usar, adorei.",5  
"Não vale o preço, o desempenho é mediano.",2  
"Produto compacto e eficiente, recomendo para todos.",5  
"Chegou com defeito, tive que pedir reembolso.",1  
"Adorei o design, combina perfeitamente com meu estilo.",5  
"Material frágil, esperava algo mais resistente.",2  
"O suporte foi lento, mas conseguiu resolver o problema.",3  
"Entrega rápida e produto acima da média.",5  
"O produto atende ao básico, mas nada mais.",3  
"Ótimo para quem busca qualidade a um preço justo.",5  
"Não funcionou como esperado, fiquei insatisfeito.",1  
"Recebi no prazo e o produto é excelente.",5  
"O atendimento foi bom, mas o produto não impressionou.",3  
"Produto básico, ideal para usos simples.",4  
"Funciona bem, mas achei o preço um pouco alto.",3  
"O design é inovador, gostei muito.",5  
"Chegou danificado e o suporte foi ineficiente.",1  
"Produto eficiente, mas o material poderia ser melhor.",3  
"Entrega rápida e embalagem impecável, adorei.",5
"O produto é compacto, mas bastante eficiente.",4  
"A funcionalidade é ótima, mas o preço é muito alto.",3  
"Recebi muito rápido e adorei o desempenho.",5  
"O material parece resistente, mas é muito pesado.",3  
"O design é sofisticado, mas o desempenho não impressiona.",3  
"É um bom produto, mas não é ideal para quem busca alta performance.",3  
"Entrega muito rápida, mas a qualidade do material é apenas mediana.",3  
"O atendimento foi excelente, mas o produto não superou minhas expectativas.",4  
"Produto atende bem às necessidades básicas, mas não é inovador.",3  
"Recebi um item em perfeitas condições e adorei o desempenho.",5  
"O suporte técnico foi difícil de contatar, mas resolveram meu problema.",3  
"O acabamento é ótimo, mas o desempenho é inconsistente.",2  
"Chegou com um leve arranhão, mas ainda funciona muito bem.",4  
"Não atende às especificações descritas, fiquei decepcionado.",2  
"Produto muito funcional, perfeito para o dia a dia.",5  
"O design é bonito, mas o material poderia ser mais resistente.",3  
"Funciona bem, mas a durabilidade deixa a desejar.",2  
"O manual de instruções foi claro e fácil de seguir.",5  
"O preço não compensa a qualidade oferecida.",2  
"Chegou bem embalado e atendeu minhas expectativas.",4  
"O desempenho é bom, mas o produto é barulhento.",3  
"Material de qualidade e ótima usabilidade, recomendo.",5  
"A embalagem estava intacta e o produto é exatamente como descrito.",5  
"Produto frágil, quebrou após pouco tempo de uso.",1  
"O custo-benefício é excelente, estou muito satisfeito.",5  
"A configuração inicial foi complicada, mas valeu a pena.",4  
"Fiquei impressionado com a entrega rápida e o desempenho do produto.",5  
"O design é arrojado, mas o funcionamento é básico.",3  
"O produto cumpre bem sua proposta, nada de excepcional.",4  
"Chegou com um atraso considerável, mas a qualidade é ótima.",4  
"Não gostei da textura do material, parece muito frágil.",2  
"Produto incrível, superou minhas expectativas.",5  
"O atendimento ao cliente foi excelente, resolveram tudo rápido.",5  
"O desempenho é satisfatório, mas esperava mais funcionalidades.",3  
"O material é fraco, não recomendo para uso intenso.",2  
"Produto atende bem para tarefas simples, mas não para profissionais.",3  
"Chegou antes do prazo e está funcionando perfeitamente.",5  
"O manual é muito básico, senti falta de mais detalhes técnicos.",3  
"O design é atraente, mas o produto não é muito prático.",2  
"Entrega rápida, mas o suporte técnico foi confuso.",3  
"Produto eficiente e muito silencioso, gostei muito.",5  
"O preço é alto para a funcionalidade oferecida.",3  
"Produto veio com um pequeno defeito, mas consegui consertar sozinho.",3  
"O desempenho é mediano, ideal para quem não exige muito.",3  
"Fácil de montar, estou muito satisfeito com a compra.",5  
"Chegou amassado, mas o produto funciona normalmente.",3  
"O design moderno é o ponto alto, mas falta praticidade.",3  
"Não gostei, esperava algo mais intuitivo.",2  
"Produto excelente para o preço, recomendo sem dúvidas.",5  
"Entrega dentro do prazo, mas o produto é muito básico.",3  
"A embalagem foi bem feita, o produto chegou intacto.",4  
"Material de ótima qualidade, mas um pouco pesado.",4  
"O atendimento foi rápido, mas o produto veio com defeito.",2  
"O custo-benefício é ótimo, funciona muito bem.",5  
"Recebi com atraso e o desempenho não é dos melhores.",2  
"O manual poderia ser mais explicativo, mas o produto é bom.",4  
"O material é de baixa qualidade, mas atende ao básico.",3  
"O design é bonito e o produto é funcional, gostei.",5  
"Produto frágil, precisa ser manuseado com cuidado.",2  
"Adorei o acabamento, mas a funcionalidade é limitada.",3  
"O produto é útil, mas não oferece grande diferencial.",3  
"Recebi dentro do prazo, muito satisfeito com a eficiência.",5  
"A durabilidade é questionável, mas o desempenho é bom.",3  
"O atendimento foi ruim, não recomendo essa loja.",1  
"O produto chegou rápido e já está em uso, estou adorando.",5  
"Material é razoável, mas o design compensa.",4  
"O preço é elevado, mas o desempenho é excelente.",5  
"O produto apresenta bom desempenho, mas é complicado de usar.",3  
"Recebi tudo conforme combinado, muito bom.",5  
"Fácil de usar e bem silencioso, ideal para quem busca praticidade.",5  
"Produto chegou com peças erradas, uma experiência ruim.",2  
"O suporte foi ágil e resolveu o problema rapidamente.",4  
"Produto atende bem, mas não surpreende.",3  
"O acabamento é impecável, gostei muito do design.",5  
"Não correspondeu às minhas expectativas, fiquei frustrado.",2  
"Recebi um produto com bom desempenho, mas esperava mais funcionalidades.",4  
"A embalagem estava intacta, o produto é bem resistente.",5  
"O design é interessante, mas achei o preço alto.",3  
"O produto é robusto e eficiente, recomendo fortemente.",5  
"Chegou com defeito, tive que solicitar a troca.",1  
"O desempenho é bom, mas o manual de instruções é confuso.",3  
"Achei o preço justo pelo que o produto oferece.",4  
"Não recomendo, o material é de baixa qualidade.",1  
"O design é funcional e bem pensado, estou muito satisfeito.",5  
"Recebi antes do prazo e o produto é exatamente como descrito.",5  
"Gostei do produto, mas esperava uma entrega mais rápida.",4  
"O suporte técnico demorou para responder, mas resolveu o problema.",3  
"Produto eficiente, mas não vale o preço cobrado.",3  
"A embalagem estava perfeita e o produto chegou intacto.",5  
"O desempenho foi satisfatório, mas a durabilidade é uma incógnita.",3  
"O produto veio em perfeitas condições, adorei o acabamento.",5  
"Chegou com um pequeno atraso, mas estou satisfeito com o resultado.",4  
"Produto simples e funcional, ideal para quem busca o básico.",4  
"O design é bonito, mas o desempenho é apenas razoável.",3  
"Gostei do atendimento, mas o produto é bem básico.",3  
"Produto funcional, mas senti falta de mais acessórios.",4  
"O custo-benefício é excelente, não me arrependo da compra.",5
"A câmera é ótima, mas a bateria não dura o dia todo.",3  
"Design elegante e leve, perfeito para o dia a dia.",5  
"A tela é grande e nítida, mas o som poderia ser melhor.",4  
"O processador é rápido, mas esquenta um pouco em uso intenso.",3  
"Bateria excelente, dura o dia inteiro com uso moderado.",5  
"Recebi com atraso, mas o aparelho atendeu às minhas expectativas.",4  
"A qualidade da câmera frontal me decepcionou.",2  
"Funciona perfeitamente para redes sociais e aplicativos básicos.",5  
"O armazenamento é limitado, tive que comprar um cartão de memória.",3  
"Gostei do sistema operacional, é bem intuitivo.",4  
"Recebi com defeito no botão lateral, tive que trocar.",1  
"A câmera traseira é incrível, ótima para fotos noturnas.",5  
"Produto frágil, quebrou na primeira queda.",1  
"Adorei o desempenho nos jogos, roda tudo sem travar.",5  
"O som dos alto-falantes não é muito alto, mas é claro.",4  
"A tela é excelente, mesmo sob luz do sol forte.",5  
"Demorou para chegar e o carregador veio com defeito.",2  
"O preço é justo para as funcionalidades oferecidas.",4  
"Design moderno, mas o aparelho é um pouco pesado.",3  
"Os aplicativos abrem rapidamente, sem travamentos.",5  
"Achei o material muito frágil, esperava algo mais robusto.",2  
"O carregamento rápido é um diferencial incrível.",5  
"A tela tem cores vivas, ótimo para assistir vídeos.",5  
"A câmera frontal é boa, mas o modo retrato poderia ser melhor.",4  
"O sensor de impressão digital funciona muito bem.",5  
"Recebi com a caixa danificada, mas o produto estava intacto.",3  
"Durabilidade da bateria deixou a desejar, descarrega rápido.",2  
"O desempenho é impressionante, mesmo com vários aplicativos abertos.",5  
"O brilho automático da tela às vezes falha.",3  
"Design bonito, mas a traseira arranha facilmente.",3  
"Ótimo custo-benefício, recomendo para quem busca um aparelho básico.",5  
"A qualidade de construção é excelente, muito resistente.",5  
"Os fones de ouvido que acompanham o aparelho são de baixa qualidade.",2  
"A câmera grava vídeos em alta resolução, fiquei impressionado.",5  
"Não gostei do tamanho, é muito grande para caber no bolso.",2  
"O aparelho é rápido, mas a interface poderia ser mais amigável.",4  
"A bateria dura bem, mesmo com uso intenso.",5  
"Gostei do desempenho, mas o armazenamento é limitado.",3  
"Os widgets são úteis e fáceis de configurar.",5  
"Recebi com a tela trincada, experiência frustrante.",1  
"O áudio no viva-voz é claro e potente.",5  
"Achei o aparelho caro para as especificações oferecidas.",2  
"A câmera com zoom é incrível, sem perda de qualidade.",5  
"O aparelho trava com frequência em jogos mais pesados.",2  
"O carregamento sem fio é prático e funciona bem.",5  
"Os botões são bem localizados, muito fácil de usar.",5  
"O aparelho esquenta durante chamadas longas.",3  
"Boa opção para quem usa aplicativos de produtividade.",4  
"O GPS é preciso e conecta rapidamente.",5  
"O aparelho tem muitas funcionalidades, mas o manual não é claro.",3  
"O preço é competitivo, levando em conta a marca e o desempenho.",4  
"O sistema de reconhecimento facial não funciona bem no escuro.",3  
"A resistência à água é ótima, usei sem problemas na chuva.",5  
"Comprei pela câmera, mas o restante do aparelho me surpreendeu.",5  
"O som no fone de ouvido é incrível, muito nítido.",5  
"Desempenho razoável, mas esperava mais da bateria.",3  
"O aparelho veio com película instalada, adorei esse detalhe.",5  
"A tela tem uma ótima resolução, mas reflete muito a luz.",4  
"Não gostei do sistema operacional, prefiro outros.",2  
"O espaço de armazenamento é excelente, não precisei de cartão extra.",5  
"O aparelho é muito leve, quase não sinto no bolso.",5  
"A configuração inicial foi rápida e fácil.",5  
"A qualidade das fotos em ambientes com pouca luz é incrível.",5  
"O tempo de carregamento é rápido, mas esquenta um pouco.",4  
"Recebi no prazo e o aparelho superou minhas expectativas.",5  
"Não gostei da posição do botão de volume, é desconfortável.",3  
"Funciona bem, mas o som poderia ser mais alto no viva-voz.",4  
"A bateria dura dois dias com uso moderado, excelente.",5  
"Gostei da interface limpa e intuitiva.",5  
"A câmera tem recursos avançados, mas exige prática para usar bem.",4  
"O aparelho não é compatível com alguns aplicativos que uso.",2  
"É robusto e resistente, perfeito para o meu uso.",5  
"Veio com uma capinha na caixa, um ótimo brinde.",5  
"O sensor de proximidade não funciona bem, desliga a tela errado.",2  
"A câmera tem ótima estabilização para vídeos.",5  
"O aparelho é bonito, mas os acessórios são de baixa qualidade.",3  
"A conexão com o Wi-Fi é estável e rápida.",5  
"A entrega foi rápida, mas a caixa veio um pouco amassada.",3  
"A qualidade do áudio é ótima para chamadas.",5  
"Não gostei do peso, é muito desconfortável para uso prolongado.",2  
"O armazenamento interno é generoso, consigo instalar muitos apps.",5  
"Funciona bem para jogos casuais, sem travar.",5  
"Gostei do acabamento em metal, dá uma sensação premium.",5  
"Não recomendo para quem busca uma câmera de alta qualidade.",2  
"O carregamento rápido realmente faz a diferença no dia a dia.",5  
"A tela é resistente, mesmo sem película.",5  
"O desempenho em multitarefa é excelente.",5  
"Os sensores respondem rapidamente, é muito preciso.",5  
"Não gostei da duração da bateria, esperava mais.",2  
"O aparelho é ideal para quem usa redes sociais com frequência.",4  
"A qualidade do vídeo é incrível, parece profissional.",5  
"O design minimalista é muito bonito, adorei.",5  
"O aparelho trava ao usar aplicativos pesados.",2  
"É compatível com diversos acessórios, isso é ótimo.",5  
"Os atalhos personalizáveis são muito úteis.",5 
"A qualidade do som nos fones é surpreendente, muito claro.",5  
"O reconhecimento facial funciona rápido, mesmo com pouca luz.",5  
"A câmera ultra-wide captura imagens incríveis.",5  
"Não gostei do acabamento de plástico, parece frágil.",2  
"Ótimo desempenho em streaming, sem travamentos.",5  
"O carregamento via USB-C é muito eficiente.",5  
"A bateria demora para carregar, mesmo com o carregador rápido.",3  
"A tela curva dá um toque premium, adorei.",5  
"Ótima relação custo-benefício, recomendo para uso diário.",5  
"O desempenho no 5G é excelente, navegação muito rápida.",5  
"O modo retrato desfoca o fundo com perfeição.",5  
"A câmera frontal não tem boa qualidade para chamadas de vídeo.",2  
"Recebi com a caixa lacrada, tudo em perfeitas condições.",5  
"Gostei da resistência à poeira e respingos.",5  
"Os botões de volume poderiam ser mais firmes.",3  
"Ótima experiência em videochamadas, a câmera é muito nítida.",5  
"O armazenamento de 128GB é mais do que suficiente para mim.",5  
"O celular é muito pesado, desconfortável para segurar por muito tempo.",2  
"A função de gravação em 4K é impressionante.",5  
"Design lindo, mas a tela é um ímã de impressões digitais.",3  
"O modo noturno da câmera faz milagres em baixa luz.",5  
"O carregador que veio na caixa não é compatível com tomadas no Brasil.",2  
"Produto com ótimo custo-benefício, uso há meses sem problemas.",5  
"O aparelho esquenta muito ao usar aplicativos pesados.",3  
"A tela de 120Hz é super fluida, ótima para jogos.",5  
"A câmera macro é divertida, mas pouco prática.",4  
"O som estéreo proporciona uma ótima experiência em filmes.",5  
"A duração da bateria é excelente, uso o dia todo sem carregar.",5  
"O carregamento sem fio não é tão rápido quanto esperava.",3  
"A personalização do sistema é ótima, muitos temas disponíveis.",5  
"O touch é super responsivo, nunca tive problemas.",5  
"A qualidade do material dá uma sensação premium.",5  
"Não gostei do brilho automático, às vezes fica muito escuro.",3  
"A câmera frontal não é boa para selfies em ambientes internos.",3  
"A conectividade Bluetooth é estável, conecta rápido com fones.",5  
"Não gostei da interface, prefiro algo mais simples.",2  
"Ótima resolução de tela, perfeita para assistir séries.",5  
"Os aplicativos pré-instalados ocupam muito espaço.",3  
"O modo de economia de energia é super eficiente.",5  
"A capinha que acompanha o produto é de baixa qualidade.",2  
"O design sem bordas é lindo, mas exige mais cuidado no manuseio.",5  
"A câmera superzoom entrega detalhes incríveis.",5  
"O leitor de digitais é rápido, mas a localização é um pouco desconfortável.",4  
"Não gostei da qualidade da tela sob luz do sol.",3  
"Funciona bem para jogos e multitarefa, muito satisfeito.",5  
"O sistema de som Dolby Atmos é fantástico.",5  
"O microfone é nítido em gravações, ótima qualidade.",5  
"Não suporta alguns aplicativos mais antigos que eu uso.",2  
"Gostei do carregamento turbo, é muito rápido.",5  
"O design é moderno, mas o aparelho é grande demais para mãos pequenas.",3  
"A câmera faz vídeos incríveis em câmera lenta.",5  
"O celular veio com a película já instalada, gostei muito.",5  
"O GPS funciona bem, mesmo em áreas com sinal fraco.",5  
"A bateria descarrega rápido em jogos pesados.",3  
"Os alto-falantes são potentes, mas distorcem no volume máximo.",4  
"O sistema Android puro é bem leve e fácil de usar.",5  
"A câmera selfie com inteligência artificial é impressionante.",5  
"A tela AMOLED tem cores vibrantes e ótima definição.",5  
"Não suporta cartão de memória, o que limita o armazenamento.",3  
"O celular é resistente a quedas, já testei sem querer!",5  
"O carregamento rápido é eficiente, mas o cabo é curto.",4  
"O desempenho é ótimo, mesmo com vários apps abertos.",5  
"A conectividade Wi-Fi 6 é super estável e rápida.",5  
"O celular é bem fino, fácil de carregar no bolso.",5  
"Os recursos de acessibilidade são excelentes.",5  
"O desbloqueio facial é um pouco lento às vezes.",3  
"Os atalhos do sistema facilitam muito o uso no dia a dia.",5  
"O som do viva-voz poderia ser mais nítido.",3  
"A câmera traseira é excelente, mas falta estabilização em vídeos.",4  
"O aparelho não vem com fones de ouvido na caixa.",3  
"Os gestos para navegação são intuitivos e úteis.",5  
"O celular esquenta muito durante carregamento rápido.",3  
"O brilho máximo da tela é excelente para uso ao ar livre.",5  
"A função Always-On Display é prática e bonita.",5  
"O celular é muito resistente, já caiu várias vezes sem problemas.",5  
"O sistema de notificações é bem organizado, gostei muito.",5  
"Os botões laterais são fáceis de alcançar, ótimo design.",5  
"O modo de leitura é excelente para uso noturno.",5  
"O celular é bonito, mas deixa muitas marcas de dedo.",3  
"Adorei a funcionalidade de parear com outros dispositivos.",5  
"O aparelho vem com muitos aplicativos desnecessários.",3  
"O reconhecimento facial não funciona bem com óculos.",3  
"Gostei do tamanho da tela, ideal para assistir vídeos.",5  
"O aparelho não suporta carregamento rápido em 30W, como anunciado.",3  
"O design é impecável, mas poderia ser mais leve.",4  
"Os gráficos em jogos são incríveis, sem lags.",5  
"O smartphone não tem entrada para fone de ouvido, ponto negativo.",3  
"O armazenamento de 256GB é mais do que suficiente para mim.",5  
"A duração da bateria me surpreendeu positivamente.",5  
"A câmera tem muitas funcionalidades, mas o app trava às vezes.",3  
"O celular é rápido em tarefas diárias, muito satisfeito.",5  
"Os acessórios na caixa são simples, mas funcionais.",4  
"O leitor de digitais na tela é uma novidade bem-vinda.",5  
"A qualidade das fotos em ambientes claros é excelente.",5
"A bateria dura dois dias inteiros com uso moderado.",5  
"A qualidade da tela é excelente, mas achei as bordas grandes.",4  
"O processador é potente, mas consome muita bateria.",3  
"O design é bonito, mas escorrega fácil da mão.",3  
"A câmera ultra-wide tem um ótimo campo de visão.",5  
"O sistema operacional tem muitos recursos úteis.",5  
"Não gostei da duração da bateria, descarrega rápido com jogos.",2  
"É ótimo para vídeos, a tela tem excelente definição.",5  
"O som é bom, mas poderia ter mais graves.",4  
"Não vem com entrada para cartão SD, o que é frustrante.",2  
"A conectividade 5G é muito rápida, perfeito para streaming.",5  
"A câmera selfie tem boa qualidade, mas o foco é um pouco lento.",4  
"O celular esquenta durante o uso de aplicativos pesados.",3  
"A embalagem veio impecável e o produto é perfeito.",5  
"O touch é muito responsivo, funciona sem falhas.",5  
"A tela OLED tem cores vibrantes e ótima resolução.",5  
"Não gostei do carregador que acompanha o aparelho, muito lento.",2  
"O reconhecimento de voz é excelente, funciona bem em ambientes barulhentos.",5  
"Os aplicativos pré-instalados ocupam muito espaço.",3  
"Gostei da interface limpa e moderna.",5  
"O celular é um pouco pesado, mas robusto.",4  
"Funciona bem para jogos leves, mas trava nos mais pesados.",3  
"A câmera traseira tira fotos incríveis, mesmo à noite.",5  
"Recebi no prazo e estou muito satisfeito com o desempenho.",5  
"O modo de gravação em 8K é fantástico.",5  
"A memória RAM de 8GB garante multitarefa sem travamentos.",5  
"O carregamento wireless é lento, mas funcional.",3  
"O design minimalista é muito elegante.",5  
"O botão lateral é um pouco duro, difícil de apertar.",3  
"A qualidade das chamadas é excelente, som bem nítido.",5  
"O aparelho é ótimo para produtividade, aplicativos rodam bem.",5  
"Não recomendo para quem gosta de jogos, o desempenho é fraco.",2  
"O sistema de câmeras faz fotos profissionais, adorei.",5  
"A duração da bateria é boa, mas esperava mais pelo preço.",4  
"O celular tem boa ergonomia, encaixa bem na mão.",5  
"A tela tem um brilho muito bom, até sob o sol.",5  
"O aparelho veio com alguns arranhões, mas funciona bem.",3  
"É ótimo para estudantes, muito eficiente para tarefas simples.",5  
"Não gostei da qualidade do cabo USB que acompanha o celular.",2  
"O suporte técnico foi excelente, resolveu meu problema rapidamente.",5  
"A funcionalidade de gravar a tela é muito prática.",5  
"O celular é bonito, mas esquenta durante chamadas longas.",3  
"A câmera faz vídeos em câmera lenta com muita nitidez.",5  
"A qualidade da construção é excelente, passa confiança.",5  
"Não gostei do software, prefiro interfaces mais simples.",2  
"O carregamento rápido realmente é um diferencial.",5  
"A tela ocupa quase toda a frente, visual muito moderno.",5  
"A câmera tira fotos boas, mas o HDR não é tão eficiente.",3  
"A bateria dura bem, mesmo com uso intenso de redes sociais.",5  
"Não gostei da qualidade do alto-falante, som distorcido no volume máximo.",2  
"O celular roda bem jogos como PUBG e Fortnite.",5  
"A função Always-On Display consome pouca bateria.",5  
"O desbloqueio facial é prático e rápido.",5  
"Não suporta carregamento rápido com cabos genéricos, o que é frustrante.",3  
"A construção em metal dá um toque premium ao aparelho.",5  
"Gostei do modo de leitura, ótimo para usar à noite.",5  
"O aparelho veio com película e capinha, um ótimo bônus.",5  
"A câmera frontal com inteligência artificial melhora bastante as selfies.",5  
"Não gostei da vibração, achei muito fraca.",3  
"A bateria demora um pouco para carregar, mas dura bastante.",4  
"O sistema de segurança é confiável, gostei muito do leitor de digitais.",5  
"Os fones de ouvido não têm boa qualidade, prefiro usar outro modelo.",2  
"A câmera principal tem ótima resolução e estabilização.",5  
"O celular é pesado, mas a bateria compensa.",4  
"Gostei da opção de expandir o armazenamento via nuvem.",5  
"O modo de economia de bateria é eficiente e intuitivo.",5  
"Não gostei do tamanho, é muito grande para segurar com uma mão.",3  
"A tela tem ótima nitidez, mesmo em vídeos com baixa qualidade.",5  
"O aparelho vem com atualizações frequentes, gostei disso.",5  
"Gostei da integração com outros dispositivos da marca.",5  
"O microfone capta áudio muito bem, ótimo para gravações.",5  
"O celular não vem com carregador na caixa, o que foi decepcionante.",2  
"A câmera com zoom óptico é incrível, detalhes impressionantes.",5  
"O som estéreo melhora muito a experiência em músicas e filmes.",5  
"O celular veio em perfeitas condições e funcionando perfeitamente.",5  
"Gostei do recurso de gestos, é muito prático.",5  
"A traseira de vidro é bonita, mas deixa muitas marcas de dedo.",4  
"O sistema de notificações é muito bem organizado.",5  
"A câmera não tem boa qualidade em ambientes com pouca luz.",2  
"A função de gravação de tela salva em ótima qualidade.",5  
"Não gostei da interface do sistema, prefiro algo mais limpo.",3  
"O GPS é rápido e preciso, mesmo em áreas com sinal fraco.",5  
"A duração da bateria me surpreendeu, dura o dia inteiro.",5  
"A tela é resistente, mesmo sem película protetora.",5  
"O celular suporta carregamento rápido e sem fio, muito prático.",5  
"Não vem com fone de ouvido, mas isso já era esperado.",3  
"Adorei a integração com assistentes de voz, muito funcional.",5  
"A qualidade do material é boa, mas prefiro um design menos brilhante.",4  
"Funciona bem com vários dispositivos Bluetooth conectados ao mesmo tempo.",5  
"Gostei da opção de personalizar a interface com temas e cores.",5  
"O carregamento demora muito com cabos genéricos.",3  
"É excelente para assistir vídeos, a tela é muito imersiva.",5  
"Os botões laterais têm um bom clique, fáceis de usar.",5  
"A resistência à água me deu mais segurança no uso.",5  
"Gostei muito do acabamento fosco, não deixa marcas de dedo.",5
"A câmera de 108 MP é impressionante, mas ocupa muito espaço na memória.",5  
"O desempenho é muito rápido, ideal para multitarefas intensas.",5  
"A bateria dura bastante, mas leva muito tempo para carregar.",3  
"A qualidade do som nos alto-falantes é ótima, mesmo em volumes altos.",5  
"O celular tem ótima resistência à água, usei até na piscina.",5  
"Os aplicativos abrem instantaneamente, sem nenhum atraso.",5  
"O armazenamento interno de 64GB é insuficiente para o meu uso.",2  
"A câmera com estabilização óptica é perfeita para gravar vídeos em movimento.",5  
"O sistema trava quando muitos aplicativos estão abertos ao mesmo tempo.",2  
"O carregamento rápido de 65W é extremamente eficiente.",5  
"A tela de 120Hz é super fluida, especialmente para jogos.",5  
"Não gostei do posicionamento do leitor de digitais, muito baixo na tela.",3  
"O design em alumínio dá uma sensação premium ao aparelho.",5  
"Recebi com a caixa danificada, mas o produto estava intacto.",3  
"O processador é ótimo, mas o aparelho esquenta demais com uso prolongado.",3  
"O brilho da tela é forte o suficiente para uso externo.",5  
"A câmera frontal tem ótima qualidade para videoconferências.",5  
"O celular suporta carregamento reverso, uma função muito útil.",5  
"Os aplicativos pré-instalados são difíceis de remover.",3  
"O celular tem bordas muito finas, o que aumenta a imersão.",5  
"O aparelho é muito leve e confortável para uso diário.",5  
"A duração da bateria é excelente, mesmo com uso constante de redes sociais.",5  
"O suporte ao 5G melhora muito a experiência de navegação.",5  
"Não gostei do tamanho da tela, muito grande para mãos pequenas.",3  
"A resistência a quedas é incrível, já derrubei algumas vezes e não teve danos.",5  
"A qualidade da câmera em ambientes com baixa luz é impressionante.",5  
"O modo macro da câmera é bom, mas poderia ser mais intuitivo.",4  
"A integração com outros dispositivos do ecossistema é perfeita.",5  
"O preço é alto, mas as funcionalidades justificam o valor.",4  
"A embalagem veio com acessórios básicos, mas funcionais.",4  
"A interface do sistema é bem limpa e fácil de usar.",5  
"O modo de economia de energia ajuda muito em viagens longas.",5  
"A câmera traseira dupla tira fotos com excelente profundidade.",5  
"O aparelho é resistente, mas a traseira risca facilmente.",3  
"O celular é ótimo para assistir séries e filmes, a tela é incrível.",5  
"Recebi com atraso, mas o produto veio em perfeitas condições.",4  
"A bateria dura o dia todo, mesmo com uso intenso.",5  
"A câmera frontal tem bons recursos, mas o foco automático é lento.",3  
"Não gostei do design, parece ultrapassado.",2  
"O carregador que acompanha o celular é de alta qualidade.",5  
"O modo noturno melhora muito as fotos em baixa luz.",5  
"A função de gravação em câmera lenta é impressionante.",5  
"O celular é compatível com vários acessórios, como capas e suportes.",5  
"O sistema de som estéreo é incrível para ouvir músicas.",5  
"O aparelho demora para ligar após desligado.",2  
"Gostei da possibilidade de expandir o armazenamento com cartão SD.",5  
"O celular esquenta muito durante o carregamento rápido.",3  
"A tela com Gorilla Glass é bem resistente a riscos.",5  
"O aparelho tem ótima ergonomia, fácil de segurar e usar.",5  
"Funciona bem em redes Wi-Fi 6, conexão super estável.",5  
"A câmera principal tem uma boa resolução, mas o zoom é limitado.",4  
"O celular é ideal para gamers, com ótima performance gráfica.",5  
"O som no viva-voz é baixo, difícil de ouvir em ambientes ruidosos.",3  
"Adorei o acabamento fosco, não deixa marcas de dedo.",5  
"O celular veio com película instalada, uma ótima surpresa.",5  
"A velocidade de carregamento supera minhas expectativas.",5  
"O desempenho do processador é ótimo, mesmo em tarefas pesadas.",5  
"O aparelho não suporta fones com entrada P2, o que é frustrante.",2  
"O celular é muito fino e leve, ideal para quem busca praticidade.",5  
"O reconhecimento facial funciona bem, até com pouca luz.",5  
"A câmera ultra-wide é perfeita para fotos de paisagens.",5  
"O carregador é muito curto, precisei comprar um cabo maior.",3  
"A integração com assistentes de voz é eficiente.",5  
"O modo retrato desfoca bem o fundo, dando um toque profissional às fotos.",5  
"O celular é bonito, mas os acessórios que acompanham são simples.",4  
"O sensor de proximidade não funciona corretamente às vezes.",3  
"A tela AMOLED tem cores vibrantes e ótimo contraste.",5  
"A bateria demora um pouco para carregar, mas dura o dia inteiro.",4  
"Funciona bem para editar vídeos, sem nenhum travamento.",5  
"A câmera de zoom óptico captura detalhes incríveis à distância.",5  
"O GPS é muito preciso, mesmo em áreas com sinal fraco.",5  
"O celular é grande, mas cabe bem no bolso.",5  
"O sistema Android puro é leve e rápido.",5  
"O aparelho não suporta carregamento sem fio, o que é decepcionante.",2  
"A qualidade da construção é sólida, transmite confiança.",5  
"O brilho automático da tela funciona perfeitamente.",5  
"A câmera selfie com inteligência artificial é ótima para selfies.",5  
"A conectividade Bluetooth é rápida e sem falhas.",5  
"O celular suporta jogos pesados sem travar, excelente performance.",5  
"A duração da bateria é mediana, esperava mais pelo preço.",3  
"O aparelho veio com um pequeno defeito no botão, mas consegui trocar.",3  
"O suporte técnico foi muito prestativo e resolveu meu problema rapidamente.",5  
"A qualidade do som nos fones que acompanham é baixa.",2  
"O celular tem muitas opções de personalização, adorei.",5  
"O desempenho em multitarefa é excelente, nunca trava.",5  
"A câmera frontal não é boa para selfies em ambientes escuros.",2  
"O celular suporta aplicativos de produtividade como um notebook.",5  
"O aparelho não tem entrada para cartão SD, limitando o armazenamento.",3  
"A qualidade do áudio é ótima para chamadas.",5  
"O celular é resistente, já caiu várias vezes sem danos.",5  
"A tela tem uma ótima resolução, perfeita para leitura.",5  
"A duração da bateria é curta com uso intenso de jogos.",3  
"O carregamento turbo realmente faz a diferença.",5  
"O sistema de segurança é confiável, adorei o leitor de digitais.",5  
"A traseira de vidro dá um toque elegante, mas é escorregadia.",4  
"A câmera com inteligência artificial ajusta automaticamente as configurações.",5  
"O celular demora para atualizar o sistema operacional.",3  
"O desempenho é ótimo para streaming, sem interrupções.",5  
"Gostei da ergonomia, mesmo sendo grande, é confortável de segurar.",5  
"O sistema de notificações é bem organizado, fácil de acessar.",5  
"O celular tem ótimo desempenho em redes 4G e 5G.",5  
"A bateria tem boa durabilidade, mas poderia carregar mais rápido.",4
"Gostei do design e da cor! Fácil de usar!",5
"Caiu no chão e quebrou! Material de péssima qualidade!",1
"Não recarrega mais! Usei apenas 2 meses e parou de funcionar",1
"Dei de presente para minha esposa! Ela adorou!",5
"Nada funciona! Não compro mais dessa marca!",1
"Não é perfeito, mas dá pro gasto!",2
"Queria que tivesse mais aplicativos!",2
"O 5G não funciona direito. Decepcionada!",1
"Wi-fi nem sempre funciona! Não conecta às vezes!",2
"Vale muito à pena, principalmente pelo preço!",5
"Poderia ser mais bonito, mas estou gostando de usar.",4
"Smartphone normal, nada de especial.",2
"Me arrependi logo que abri a caixa. Feio e ruim de usar.",1
"Funciona maravilhosamente bem!",5
"Tudo ruim: design, usabilidade e aplicativos.",1
"Queria que tivesse mais opções de aplicativos.",2
"Bom demais! Uso pra ouvir músicas na academia e também pra assistir vídeos.",4
"Se eu tivesse mais dinheiro, teria comprado um modelo melhor.",2
"Melhor telefone que já tive até hoje! Cumpre o que promete!",5
"Às vezes demora muito pra carregar.",2
"A bateria pegou fogo e explodiu! Não compre!",1
"Meu filho gostou. Usar para jogar e ver vídeos.",4
"Muito feio, diferente das imagens do site!",1
"Porcaria! Não perca seu tempo e nem gaste seu dinheiro!",1
"Um dos melhores nessa faixa de preço. Não tenho do que reclamar!",5
"Fácil de configurar e usar.",4
"Satisfeito até agora. Vou testar mais aplicativos.",3
"Note que depois de alguns meses, a tela ficou com uns pixels pretos.",2
"Parou de funcionar com 3 dias de uso. Devolvi.",1
"O carregador pegou fogo depois de 1 mês.",1
"Nunca gostei dessa marca, mas resolvi dar uma chance. Decepcionante!",1
"Se soubesse teria comprado antes! Estou amando!",5
"Mais ou menos, viu. Não compraria de novo.",2
"Celular horrível! Feio, não pega internet direito e se cair no chão quebra!",1
"Material muito frágil!",1
"Os acessórios são muito caros, não compensa!",2
"Pior telefone que já tive na vida!",1
"O telefone é um pesadelo: não carrega e não funciona no 5G!",1
"Achei que era mais fino nas imagens do site.",2
"Nunca pensei que um telefone poderia ser tão ruim!",1
"Bem mediano. Funções básicas e nada além disso.",3
"Super fácil de usar! Minha avó adorou!",5
"Gostei principalmente do material. Bem resistente e suave ao toque!",4
"Me surpreendi com a qualidade!",5
"Horrível e ruim de usar!",1
"Achei um pouco difícil de configurar, mas agora tá ok!",3
"Chic e elegante!",4
"Não jogue seu dinheiro fora!",1
"Lixo total! Usei apenas 2 dias e guardei na gaveta!",1
"A tela é incrível, mas a bateria não dura o suficiente.",3
"Excelente custo-benefício. Recomendo a todos!",5
"O sistema operacional é lento e cheio de bugs.",2
"Design elegante e muito confortável de segurar.",4
"Não atende às minhas necessidades profissionais.",2
"A câmera tira fotos nítidas mesmo em pouca luz.",5
"Recebi com defeito e o suporte não ajudou.",1
"Atualizações frequentes melhoram o desempenho constantemente.",4
"Muito difícil de sincronizar com outros dispositivos.",2
"Som de alta qualidade, perfeito para audiophiles.",5
"O aparelho esquenta demais durante o uso intenso.",2
"Interface intuitiva e fácil de navegar.",4
"Poucas opções de personalização disponíveis.",3
"A memória interna é limitada para aplicativos modernos.",2
"Entrega rápida e produto conforme descrito.",5
"Excelente para quem busca um aparelho básico.",4
"A duração da bateria é decepcionante para o preço.",2
"A conectividade 5G funciona perfeitamente no meu dia a dia.",5
"O carregamento sem fio é muito conveniente.",4
"Problemas constantes com o reconhecimento facial.",2
"Muito leve e fácil de transportar.",5
"A garantia não cobre todos os tipos de defeitos.",2
"Ótimo para multitarefa, sem travamentos.",5
"O preço está acima da média para as especificações oferecidas.",2
"A assistência técnica foi rápida e eficiente.",5
"Funcionalidades avançadas que facilitam meu dia a dia.",4
"O telefone travou várias vezes nos primeiros dias de uso.",2
"Design moderno e muito leve, perfeito para o dia a dia.",4
"A câmera frontal não funciona direito para selfies.",1
"Excelente desempenho em jogos pesados, sem lag.",5
"O sistema de navegação é confuso e pouco intuitivo.",2
"A tela AMOLED é vibrante e de alta resolução.",5
"A atualização para a última versão do sistema foi problemática.",2
"A resistência à água é apenas superficial, não confio totalmente.",2
"A entrega demorou mais do que o previsto.",1
"A reprodução de vídeos é fluida e sem interrupções.",5
"A personalização do teclado facilita a digitação.",4
"O dispositivo supera as expectativas em todas as áreas.",5
"A durabilidade da tela já está comprometida após poucos meses.",1
"Excelente para fotografia noturna, as fotos ficam nítidas.",5
"O aparelho reinicia sozinho sem motivo aparente.",1
"A interface gráfica é bonita e funcional.",4
"Poucas opções de cores disponíveis, gostaria de mais variedade.",3
"A sincronização com a nuvem é rápida e eficiente.",5
"O telefone esquenta muito durante chamadas longas.",2
"A capacidade de armazenamento é ideal para meus aplicativos.",4
"A qualidade do material parece barata e frágil.",1
"Recebo muitas mensagens de erro, o que é frustrante.",1
"A funcionalidade de reconhecimento de voz funciona perfeitamente.",5
"O brilho da tela não é suficiente para uso ao ar livre.",2
"A bateria recarrega rapidamente, muito conveniente.",5
"O aparelho caiu duas vezes e já apresentou problemas.",1
"A conectividade Bluetooth é estável e fácil de emparelhar.",4
"O software vem cheio de aplicativos desnecessários pré-instalados.",2
"A função de desbloqueio por impressão digital é rápida e precisa.",5
"A duração da bateria durante a reprodução de vídeos poderia ser melhor.",3
"O design ergonômico facilita o manuseio com uma mão.",4
"A câmera traseira não capta detalhes como esperado.",2
"O aparelho responde rapidamente a todos os comandos.",5
"A proteção contra quedas é inexistente, fiquei preocupado após acidentes.",1
"A atualização do sistema trouxe melhorias significativas.",4
"O preço é muito elevado para as especificações oferecidas.",1
"A qualidade de chamada é cristalina, sem interferências.",5
"O aparelho não suporta alguns aplicativos essenciais para mim.",2
"A tela é brilhante e clara mesmo sob luz direta do sol.",5
"A configuração inicial foi complicada e demorada.",2
"O celular é perfeito para assistir séries e filmes.",5
"A conectividade Wi-Fi frequentemente cai.",1
"A navegação no GPS é precisa e rápida.",5
"O telefone não recebeu atualizações de segurança recentes.",2
"A resistência a arranhões é excelente, mantém a aparência nova por mais tempo.",5
"O aparelho desliga sozinho durante o uso intensivo.",1
"A interface do usuário é personalizada de maneira agradável.",4
"A câmera possui modos criativos que permitem fotos incríveis.",5
"O suporte para acessórios é limitado e pouco variado.",2
"A velocidade de processamento é impressionante.",5
"O telefone tem muito pouco espaço para armazenamento adicional.",1
"A sincronização com redes sociais é perfeita.",5
"O aparelho vibra de forma excessiva durante notificações.",2
"A construção do telefone transmite uma sensação premium.",5
"O carregamento rápido não funciona como anunciado.",2
"A duração da bateria durante chamadas é excelente.",5
"O telefone não suporta a última versão do aplicativo que uso.",2
"A qualidade do vídeo em chamadas é muito boa.",5
"O aparelho demora para reconhecer os comandos de voz.",2
"A funcionalidade de multitarefa é fluida e eficiente.",5
"O telefone não possui sensor de proximidade funcionando corretamente.",1
"A compatibilidade com acessórios de terceiros é excelente.",4
"A velocidade de download é muito lenta.",1
"O design sem bordas é realmente inovador e atraente.",5
"O aparelho não suporta carregamento sem fio como anunciado.",2
"A qualidade das videochamadas é nítida e clara.",5
"O telefone frequentemente fica preso em loops de inicialização.",1
"A integração com assistentes virtuais funciona perfeitamente.",4
"A resposta ao toque na tela é rápida e precisa.",5
"O telefone não possui suficiente proteção contra malware.",2
"A câmera possui estabilização de imagem, ideal para vídeos.",5
"O aparelho apresenta falhas no sistema operacional regularmente.",1
"A personalização de temas é vasta e variada.",4
"A duração da bateria é adequada para um dia de uso intenso.",5
"O telefone esquenta muito durante o carregamento.",2
"A interface é limpa e sem anúncios indesejados.",5
"O aparelho não é compatível com alguns acessórios que já possuo.",2
"A velocidade de rolagem na tela é extremamente suave.",5
"O telefone apresenta lentidão ao alternar entre aplicativos.",1
"A qualidade de imagem na câmera é excelente para selfies.",5
"O aparelho não possui suporte para cartões de memória maiores.",2
"A funcionalidade de reconhecimento facial é segura e confiável.",5
"O telefone não suporta dual SIM corretamente.",1
"A conectividade NFC funciona sem problemas para pagamentos móveis.",5
"O aparelho frequentemente reinicia durante o uso.",1
"A qualidade do acabamento é superior, muito bem feito.",5
"O telefone não suporta todas as bandas de rede do meu país.",2
"A duração da bateria durante navegação é excelente.",5
"O aparelho apresenta atrasos na resposta ao toque.",1
"A interface gráfica é moderna e agradável aos olhos.",4
"A câmera possui zoom óptico de alta qualidade.",5
"O telefone não suporta a última versão do Bluetooth.",2
"A resistência a poeira e água é excelente para uso externo.",5
"O aparelho apresenta falhas na conectividade Bluetooth.",1
"A qualidade do vídeo gravado pela câmera é impressionante.",5
"O telefone não mantém a conexão com o Wi-Fi estável.",2
"O produto atende bem às necessidades básicas.",3
"Fiquei insatisfeito, não correspondeu ao que esperava.",1
"Funciona adequadamente, mas nada impressionante.",2
"Infelizmente, o desempenho não foi o esperado.",2
"É um produto mediano, sem grandes diferenciais.",2
"Estou muito satisfeito, a qualidade supera as expectativas.",5
"Muito ruim, a durabilidade deixa a desejar.",2
"O atendimento foi péssimo, me senti desamparado.",1
"Não recomendo, a qualidade é inferior ao esperado.",1
"Serve para o básico, mas não oferece mais nada.",3
"Decepcionante, apresentou falhas desde o início.",2
"O produto é comum, não se diferencia dos concorrentes.",2
"Não tenho nada a acrescentar, é um celular mediano.",2
"O produto é funcional, mas poderia ser melhor.",3
"Fiquei decepcionado com a qualidade do material.",1
"Atendeu ao que prometeu, mas não mais que isso.",2
"É um celular razoável, cumpre seu propósito.",2
"Excelente qualidade, superou minhas expectativas.",5
"Muito insatisfatório, não recomendo a ninguém.",1
"Celular básico, sem grandes qualidades.",3
"Não funcionou corretamente, tive problemas desde o início.",2
"O celular é aceitável, mas há opções melhores no mercado.",3
"Decepcionado com a eficiência do celular.",2
"A qualidade é mediana, nada excepcional.",2
"Fiquei muito feliz com a compra, o celular é muito bom!",5
"Não atendeu às minhas necessidades específicas.",2
"A qualidade é excelente, recomendo sem hesitar.",5
"Não consegui usar como esperava, foi uma decepção.",2
"A experiência de uso foi satisfatória e sem complicações.",4
"Achei um celular bem comum, não se destaca em nenhum aspecto.",2
"Não possui características diferenciadas, é bem padrão.",2
"O celular é adequado, mas há falhas na qualidade.",3
"Fiquei desapontado com a performance do celular.",2
"A qualidade é razoável, mas o preço é justo.",3
"Celular de alta qualidade, estou muito satisfeito.",5
"Tive muitos problemas técnicos com o celular.",1
"Desempenho acima do esperado, recomendo fortemente.",5
"O design é moderno, mas a funcionalidade deixa a desejar.",2
"Atendeu parcialmente às minhas expectativas.",2
"O celular funciona bem para tarefas básicas.",2
"A qualidade do aparelho excedeu o que eu esperava.",5
"Extremamente insatisfatório, não vale a pena comprar.",1
"Um celular simples, sem funcionalidades avançadas.",3
"Tive dificuldades com o funcionamento desde o primeiro dia.",2
"O celular é decente, mas há modelos superiores disponíveis.",3
"Fiquei desapontado com a rapidez do dispositivo.",2
"A qualidade geral é mediana, nada de especial.",2
"Estou muito contente com a minha compra, excelente aparelho!",5
"O celular não atende às minhas necessidades específicas.",2
"A qualidade é impecável, recomendo totalmente.",5
"Não consegui utilizá-lo como esperava, fiquei decepcionado.",2
"A utilização foi tranquila e sem problemas.",4
"Considero o celular comum, não possui diferenciais marcantes.",2
"Não apresenta características únicas, é bastante padrão.",2
"O celular cumpre sua função, mas a qualidade deixa a desejar.",3
"Fiquei frustrado com o desempenho do dispositivo.",2
"A qualidade é aceitável e o preço justo.",3
"Excelente dispositivo, estou extremamente satisfeito.",5
"Enfrentei diversos problemas técnicos com o aparelho.",1
"Desempenho superior ao que eu esperava, altamente recomendado.",5
"O visual é atraente, porém faltam funcionalidades importantes.",2
"Atendeu ao necessário, mas poderia ter mais recursos.",2
"O celular é funcional, mas não impressionante.",3
"Superou minhas expectativas em termos de qualidade.",5
"Muito insatisfatório, enfrentou várias falhas.",1
"O aparelho é adequado para uso diário.",3
"A qualidade do produto é excelente, recomendo fortemente.",5
"Não atende bem ao que prometeu, decepcionante.",2
"Um celular razoável, adequado para o uso cotidiano.",2
"Estou muito satisfeito com a performance do celular.",5
"O dispositivo não funcionou como esperado desde o início.",1
"O celular possui um design elegante, mas faltam funcionalidades.",2
"Atendeu ao que eu precisava, sem grandes surpresas.",2
"A qualidade é superior, estou muito feliz com a compra.",5
"Não recomendo, o aparelho apresentou muitos problemas.",1
"Funciona bem para o básico, mas falta inovação.",3
"Desempenho mediano, nada que me impressione.",2
"O celular oferece boa relação custo-benefício.",3
"Estou extremamente satisfeito com a alta qualidade do aparelho.",5
"Tive problemas constantes com o funcionamento do celular.",1
"O desempenho do dispositivo é excelente, recomendo muito.",5
"O design é bonito, mas a funcionalidade é limitada.",2
"Atende bem às funções básicas, mas sem destaque.",2
"A qualidade é justa, considerando o preço pago.",3
"Excelente compra, o celular atende todas as minhas necessidades.",5
"O aparelho apresentou falhas logo após a compra.",1
"Desempenho muito bom, superou minhas expectativas.",5
"O visual é moderno, mas faltam recursos essenciais.",2
